이것이자바다,null
운영체제 Silberschatz,null
팀 개발을 위한 git&github 시작하기,null
이기적 sql 개발자 기본서,null
나 혼자만 레벨업 8,null
도둑맞은 집중력,null
나 혼자만 레벨업 7,null
명품 JAVA ESSENTIAL,null
mysql로 배우는 데이터베이스 개론 및 실습,null
나 혼자만 레벨업 6,null
나 혼자만 레벨업 5,null
나 혼자만 레벨업 4,null
나 혼자만 레벨업 3,null
나 혼자만 레벨업 2,null
나 혼자만 레벨업 1,null
조선상고사,null
컴퓨터 네트워크 하향식접근,null
군주론,null
쉽게 배우는 운영체제-조성호,null
네트워크 개론 -진혜진,null
컴퓨터 시스템 구조론- 윌리엄 스털링 10판,null
통계학-엑셀을 이용한 분석,null
혼자 공부하는 컴퓨터구조 + 운영체제,null
군중심리,null
지방회생,null
지방소멸,null
2050 거주불능지구,null
미움받을 용기1,null
용의자 X의 헌신,null
인구소멸과 로컬리즘,null
우울할 땐 뇌과학,null
자유론,null
페스트,null
연금술사,null
마력의 태동,null
라플라스의 악마,null
나는 왜 혼자가 편할까?,null
인간관계론,null
스즈메의 문단속,null
데미안,null
도파민네이션,null
멈추지 못하는 사람들,null
역사란 무엇인가,null
총균쇠,null
하멜 표류기,null
하버드 새벽 4시반,null
빛의 물리학,null
네 안에 잠든 거인을 깨워라,null
타이탄의 도구들,null
노 게임 노 라이프 7,null
노 게임 노 라이프 8,null
노 게임 노 라이프 9,null
사쿠라장의 애완 그녀 10,null
사쿠라장의 애완 그녀 10.5,null
에로망가 선생 4,null
에로망가 선생 5,null
노 게임 노 라이프 프랙티컬 워 게임,null
사랑과 거짓말 4,null
강성태 66일 공부법,null
미라클 모닝,null
짝사랑은 시계태엽처럼,null
지적 대화를 위한 넓고 얕은 지식 1,null
지적 대화를 위한 넓고 얕은 지식 2,null
달러구트 꿈 백화점,null
장하준의 경제학 강의,null
멋진 신세계,null
농담,null
미드나잇 라이브러리,null
고르기아스,null
초속 5센티미터,null
이상한 나라의 엘리스,null
달콤 쌉싸름 사중주,null
내가 지금 할 수 있는 건 공부밖에 없다,null
나만의 비밀,null
별의 목소리,null
크레이빙 마인드,null
오만과 편견,null
거짓말이 보이는 나는 솔직한 너에게 사랑을 했다.,null
변두리 화과자점 구리마루당 1,null
나미야 잡화점의 기적,null
어리고 아리고 여려서,null
